{
  "project_info": {
    "project_number": "538910674225",
    "project_id": "duzkoy-seracilik",
    "storage_bucket": "duzkoy-seracilik.appspot.com"
  },
  "client": [
    {
      "client_info": {
        "mobilesdk_app_id": "1:538910674225:android:ec51fac6358c5ffcbe7410",
        "android_client_info": {
          "package_name": "com.os.duzkoyseracilikupload"
        }
      },
      "oauth_client": [],
      "api_key": [
        {
          "current_key": "AIzaSyAqrwZpkY4w61SqhnPegSzQu9-ca_SnpOU"
        }
      ],
      "services": {
        "appinvite_service": {
          "other_platform_oauth_client": []
        }
      }
    }
  ],
  "configuration_version": "1"
}